,Trial,Plans,Actions,Actions in Plans,Tot Time,Pl Time,S Time,N Eval.,N Exp.
0.25,3.25,1.0,14.0,14.0,9.9843275,0.0030624999999999997,0.00016250000000000002,20.0,14.0
0.5,5.5,1.0,14.0,14.0,10.03139,0.00342,0.00017,20.0,14.0
0.75,7.75,1.0,14.0,14.0,10.143705,0.0071225,0.00018,20.0,14.0
0.0,1.0,1.0,14.0,14.0,9.8471,0.00298,0.00016,20.0,14.0
0.0,10.0,1.0,14.0,14.0,10.252,0.00855,0.00021,20.0,14.0
0.0,5.5,1.0,14.0,14.0,10.056987000000001,0.004784999999999999,0.00017500000000000003,20.0,14.0
0.0,3.0276503540974917,0.0,0.0,0.0,0.1250545592975768,0.002548028649760438,1.5811388300841894e-05,0.0,0.0
