,Trial,Plans,Actions,Actions in Plans,Tot Time,Pl Time,S Time,N Eval.,N Exp.
0.25,3.25,3.0,18.5,46.25,13.380592499999999,0.0096125,0.0005125,68.0,46.25
0.5,5.5,4.0,23.0,51.0,16.086735,0.012315,0.0006349999999999999,94.0,51.0
0.75,7.75,4.0,28.0,62.25,19.171529999999997,0.013925,0.0008049999999999999,109.25,62.25
0.0,1.0,1.0,14.0,14.0,10.08644,0.00358,0.00015,20.0,14.0
0.0,10.0,6.0,34.0,83.0,23.12266,0.02349,0.0012,174.0,83.0
0.0,5.5,3.6,23.4,49.5,16.247275,0.012022999999999999,0.000627,87.7,49.5
0.0,3.0276503540974917,1.4298407059684812,7.183313998427188,21.18306451442336,4.593845604357228,0.005373211433687596,0.0003082225026034133,45.11232893813201,21.18306451442336
