,Trial,Plans,Actions,Actions in Plans,Tot Time,Pl Time,S Time,N Eval.,N Exp.
0.25,3.25,3.0,18.5,46.25,13.499305,0.00987,0.0005175000000000001,68.0,46.25
0.5,5.5,4.0,23.0,51.0,16.089554999999997,0.01226,0.0006900000000000001,94.0,51.0
0.75,7.75,4.0,28.0,62.25,19.1534425,0.0136325,0.00076,109.25,62.25
0.0,1.0,1.0,14.0,14.0,10.08054,0.00296,0.00016,20.0,14.0
0.0,10.0,6.0,34.0,83.0,23.08492,0.02281,0.00115,174.0,83.0
0.0,5.5,3.6,23.4,49.5,16.283955,0.011862,0.0006250000000000001,87.7,49.5
0.0,3.0276503540974917,1.4298407059684812,7.183313998427188,21.18306451442336,4.564247253844578,0.0053399205154300855,0.0002941749290624354,45.11232893813201,21.18306451442336
