,Trial,Plans,Actions,Actions in Plans,Tot Time,Pl Time,S Time,N Eval.,N Exp.
0.25,3.25,1.0,14.0,14.0,9.8091275,0.0031325,0.00042,20.0,14.0
0.5,5.5,1.0,14.0,14.0,9.912775,0.0032050000000000004,0.00042,20.0,14.0
0.75,7.75,1.0,14.0,14.0,10.0576075,0.003535,0.00043,20.0,14.0
0.0,1.0,1.0,14.0,14.0,9.70261,0.00307,0.00041,20.0,14.0
0.0,10.0,1.0,14.0,14.0,10.12494,0.01141,0.00049,20.0,14.0
0.0,5.5,1.0,14.0,14.0,9.923368,0.004562000000000001,0.000429,20.0,14.0
0.0,3.0276503540974917,0.0,0.0,0.0,0.14691606150754546,0.0028870084478189147,2.233582075700127e-05,0.0,0.0
