,Trial,Plans,Actions,Actions in Plans,Tot Time,Pl Time,S Time,N Eval.,N Exp.
0.25,3.25,1.25,16.0,19.25,10.9149975,0.0039675,0.00022,26.75,19.25
0.5,5.5,2.5,25.0,41.5,16.550275,0.00907,0.00047000000000000004,64.0,41.5
0.75,7.75,3.0,29.5,46.5,18.8379625,0.010915,0.000565,79.5,46.5
0.0,1.0,1.0,14.0,14.0,9.63626,0.00298,0.00016,20.0,14.0
0.0,10.0,4.0,36.0,62.0,22.88512,0.01984,0.00074,99.0,62.0
0.0,5.5,2.3,23.8,36.2,15.657555000000002,0.008863,0.00042300000000000004,57.3,36.2
0.0,3.0276503540974917,1.0593499054713802,7.857056276579247,16.824585185574907,4.745045383691756,0.005376157343100905,0.00020607711609438293,29.72484931276636,16.824585185574907
