,Trial,Plans,Actions,Actions in Plans,Tot Time,Pl Time,S Time,N Eval.,N Exp.
0.25,3.25,1.25,16.0,19.25,11.0187125,0.003865,0.0002575,26.75,19.25
0.5,5.5,2.5,25.0,41.5,16.731749999999998,0.009025,0.00053,64.0,41.5
0.75,7.75,3.0,29.5,46.5,19.080572500000002,0.0092875,0.000675,79.5,46.5
0.0,1.0,1.0,14.0,14.0,9.76563,0.00299,0.00016,20.0,14.0
0.0,10.0,4.0,36.0,62.0,23.43195,0.01266,0.00076,99.0,62.0
0.0,5.5,2.3,23.8,36.2,15.814540999999997,0.007579999999999999,0.00048200000000000006,57.3,36.2
0.0,3.0276503540974917,1.0593499054713802,7.857056276579247,16.824585185574907,4.817249419546502,0.0035277062109976094,0.00022860932225572566,29.72484931276636,16.824585185574907
