,Trial,Plans,Actions,Actions in Plans,Tot Time,Pl Time,S Time,N Eval.,N Exp.
0.25,3.25,1.0,14.0,14.0,9.9279525,0.0029725,0.0001425,20.0,14.0
0.5,5.5,1.0,14.0,14.0,10.010449999999999,0.003205,0.00015,20.0,14.0
0.75,7.75,1.0,14.0,14.0,10.0819575,0.006925,0.0001575,20.0,14.0
0.0,1.0,1.0,14.0,14.0,9.73738,0.00296,0.00014,20.0,14.0
0.0,10.0,1.0,14.0,14.0,10.17267,0.01236,0.00019,20.0,14.0
0.0,5.5,1.0,14.0,14.0,9.985148,0.005031,0.000154,20.0,14.0
0.0,3.0276503540974917,0.0,0.0,0.0,0.14577668787871687,0.003317510612894353,1.577621275493232e-05,0.0,0.0
