,Trial,Plans,Actions,Actions in Plans,Tot Time,Pl Time,S Time,N Eval.,N Exp.
0.25,3.25,1.0,14.0,14.0,9.8585375,0.0030425,0.00015,20.0,14.0
0.5,5.5,1.0,14.0,14.0,9.92197,0.0034149999999999996,0.00015,20.0,14.0
0.75,7.75,1.0,14.0,14.0,10.0216575,0.0069050000000000005,0.0001575,20.0,14.0
0.0,1.0,1.0,14.0,14.0,9.66275,0.003,0.00014,20.0,14.0
0.0,10.0,1.0,14.0,14.0,10.12774,0.00844,0.00017,20.0,14.0
0.0,5.5,1.0,14.0,14.0,9.919057,0.004711,0.000152,20.0,14.0
0.0,3.0276503540974917,0.0,0.0,0.0,0.16028130133196006,0.0023990296649548403,9.189365834726825e-06,0.0,0.0
