,Trial,Plans,Actions,Actions in Plans,Tot Time,Pl Time,S Time,N Eval.,N Exp.
0.25,3.25,1.0,14.0,14.0,10.042255,0.003155,0.00015,20.0,14.0
0.5,5.5,1.5,16.0,22.0,11.292570000000001,0.0070550000000000005,0.00025,31.0,22.0
0.75,7.75,2.0,25.5,33.75,17.083467499999998,0.0107375,0.00039999999999999996,45.75,33.75
0.0,1.0,1.0,14.0,14.0,9.82882,0.00298,0.00014,20.0,14.0
0.0,10.0,3.0,36.0,51.0,23.70649,0.01511,0.00061,84.0,51.0
0.0,5.5,1.7,20.2,26.5,13.898674,0.007429,0.000307,39.7,26.5
0.0,3.0276503540974917,0.8232726023485647,7.857056276579246,14.577379737113251,4.935794231687541,0.004396757517383312,0.00018756036065461406,24.94460529520027,14.577379737113251
