,Trial,Plans,Actions,Actions in Plans,Tot Time,Pl Time,S Time,N Eval.,N Exp.
0.25,3.25,1.0,14.0,14.0,10.0170575,0.0031925,0.00017250000000000002,20.0,14.0
0.5,5.5,1.5,16.0,22.0,11.528725,0.00869,0.00028000000000000003,31.0,22.0
0.75,7.75,2.0,25.5,33.75,17.199712499999997,0.0111625,0.00039,45.75,33.75
0.0,1.0,1.0,14.0,14.0,9.8476,0.00302,0.00016,20.0,14.0
0.0,10.0,3.0,36.0,51.0,24.25668,0.01389,0.00061,84.0,51.0
0.0,5.5,1.7,20.2,26.5,13.99869,0.007751000000000001,0.000322,39.7,26.5
0.0,3.0276503540974917,0.8232726023485647,7.857056276579246,14.577379737113251,5.05085295207101,0.004233699328010906,0.00017912131208888695,24.94460529520027,14.577379737113251
