,Trial,Plans,Actions,Actions in Plans,Tot Time,Pl Time,S Time,N Eval.,N Exp.
0.25,3.25,1.25,14.0,17.0,9.844715,0.004215,0.00058,28.75,17.5
0.5,5.5,2.0,16.0,27.0,10.907630000000001,0.00677,0.0010249999999999999,56.0,29.0
0.75,7.75,3.0,21.5,43.5,14.206164999999999,0.011422499999999999,0.00168,87.0,46.0
0.0,1.0,1.0,14.0,14.0,9.56128,0.0031,0.00041,20.0,14.0
0.0,10.0,4.0,38.0,62.0,24.61836,0.01439,0.00203,105.0,64.0
0.0,5.5,2.3,20.0,32.2,13.453290999999998,0.00782,0.001134,59.5,33.8
0.0,3.0276503540974917,1.1595018087284057,8.537498983243799,17.00849460972043,5.317116164337059,0.004138021534770236,0.0006001148038315484,32.198171100579955,17.874873736927796
