,Trial,Plans,Actions,Actions in Plans,Tot Time,Pl Time,S Time,N Eval.,N Exp.
0.25,3.25,1.0,14.0,14.0,10.141680000000001,0.008245,0.00042,20.0,14.0
0.5,5.5,1.5,16.0,21.0,11.37762,0.00887,0.000745,38.5,22.0
0.75,7.75,2.0,21.0,29.5,14.4086,0.011317500000000001,0.0011275,58.5,31.5
0.0,1.0,1.0,14.0,14.0,9.95366,0.00357,0.00041,20.0,14.0
0.0,10.0,3.0,36.0,48.0,23.94784,0.01327,0.00172,86.0,50.0
0.0,5.5,1.7,19.4,24.9,13.471363,0.009354999999999999,0.0008790000000000001,44.2,25.9
0.0,3.0276503540974917,0.8232726023485646,7.777460310981271,13.236733400318641,4.852075473503981,0.0027513844999684546,0.0005309833644600679,27.34064942738397,14.16137155943747
