,Trial,Plans,Actions,Actions in Plans,Tot Time,Pl Time,S Time,N Eval.,N Exp.
0.25,3.25,3.0,18.5,46.25,13.486027499999999,0.0101225,0.00058,68.0,46.25
0.5,5.5,4.0,23.0,51.0,16.33574,0.013479999999999999,0.0007700000000000001,94.0,51.0
0.75,7.75,4.0,28.0,62.25,19.3376175,0.016612500000000002,0.0008625,109.25,62.25
0.0,1.0,1.0,14.0,14.0,10.14791,0.00313,0.00017,20.0,14.0
0.0,10.0,6.0,34.0,83.0,23.50247,0.02344,0.00132,174.0,83.0
0.0,5.5,3.6,23.4,49.5,16.468438,0.013195000000000002,0.000712,87.7,49.5
0.0,3.0276503540974917,1.4298407059684812,7.183313998427188,21.18306451442336,4.66166348049897,0.006014750849185507,0.0003407768901919391,45.11232893813201,21.18306451442336
